{
  "outer_fold": 0,
  "restart": 1,
  "seed": 43,
  "test_dice": 0.648796044503603,
  "test_avd": 0.3434667505438217,
  "test_mcc": 0.6606140327950318,
  "final_train_loss": 0.060366910328534806,
  "checkpoint_path": "experiments/fold_0_restart_1/final.pt",
  "duration_seconds": 231511.55841374397,
  "per_subject_dice": [
    0.8653433322906494,
    0.7170332670211792,
    0.8020632266998291,
    0.8453690409660339,
    0.5873900055885315,
    0.8396622538566589,
    0.6536791324615479,
    0.8405829071998596,
    0.4962971806526184,
    1.879699285112224e-09,
    0.7986271977424622,
    0.787502646446228,
    0.5828065276145935,
    0.5058963298797607,
    0.8585644364356995,
    0.8346441388130188,
    0.831379771232605,
    5.025125870972147e-10,
    0.9106642603874207,
    0.775827169418335,
    0.8889828324317932,
    0.009805412963032722,
    0.029135705903172493,
    0.8537476658821106,
    0.8406984210014343,
    0.54355388879776,
    0.8655224442481995,
    0.7503719925880432,
    0.8664166331291199,
    0.8708875179290771,
    0.848153293132782,
    0.18386006355285645,
    0.6694080829620361,
    0.7729694247245789,
    0.7286992073059082,
    0.7425288558006287,
    0.5195502638816833,
    0.4502696692943573,
    0.4364895522594452,
    0.7142555117607117,
    0.835525631904602,
    0.5310484766960144,
    0.16681668162345886,
    0.85848069190979,
    2.5555840776902983e-10,
    0.8280560970306396,
    0.18225179612636566,
    0.7876060009002686,
    0.6094034910202026,
    0.7847843766212463,
    0.6378923058509827,
    5.747126663457891e-10,
    0.62298184633255,
    0.8737409114837646,
    0.8898414969444275,
    2.0040080705996388e-10,
    0.8516051769256592,
    0.8338938355445862,
    0.8244672417640686,
    0.8187116384506226,
    0.8147810697555542,
    0.7972928881645203,
    0.8488481044769287,
    0.8360084295272827,
    0.6485090851783752,
    0.8752447366714478,
    0.5893247723579407,
    1.426533557946641e-09,
    0.8888641595840454,
    0.8871302008628845,
    0.8120397925376892,
    0.8282948136329651,
    0.5549329519271851,
    0.74771648645401,
    0.47496888041496277
  ],
  "per_subject_avd": [
    0.10646369573568959,
    0.2771052083643178,
    0.03988069591572942,
    0.1930740955697427,
    0.5695376270130679,
    0.005952578896611353,
    0.3237691097122302,
    0.19031853708892493,
    0.5745302214242969,
    1.0,
    0.10255481570222606,
    0.259725449694466,
    0.3772203412445586,
    0.6353297304692844,
    0.2520249677086846,
    0.21790591156200506,
    0.17857269096178996,
    1.0,
    0.01093881476138959,
    0.24175705574442827,
    0.09920187968522731,
    0.9950435963617763,
    0.49720834557743165,
    0.13609634190845302,
    0.11786815728604472,
    0.011126345484059068,
    0.226848482002395,
    0.6002627103974258,
    0.05278398197379084,
    0.18795592732635902,
    0.06807232440656147,
    0.7185430463576159,
    0.4770776361338081,
    0.044102278269351355,
    0.33137216447669476,
    0.5220940520508155,
    0.6261647176536802,
    0.536868901145524,
    0.32271426741256354,
    0.6022368382928172,
    0.11133296318441958,
    0.5082462891698736,
    0.4754368310310127,
    0.23160369239688738,
    1.0,
    0.12897387815620776,
    0.8987295382360128,
    0.16838797598801652,
    0.537875030994297,
    0.056367308149204084,
    0.45148430873621714,
    1.0,
    0.33422980617638876,
    0.03491143440044235,
    0.06228565182341126,
    1.0,
    0.24153336215593024,
    0.19863386673035585,
    0.07735850580188794,
    0.25607374613378614,
    0.07326391519874298,
    0.36842477313092575,
    0.009950904083343311,
    0.0602553910864687,
    0.3303173471206989,
    0.12372834115297068,
    0.402728376854342,
    1.0,
    0.05964153478161145,
    0.13889331994632687,
    0.09262932189761458,
    0.13891866781017725,
    0.49463886330745954,
    0.36067415730337077,
    0.6021736460763846
  ],
  "per_subject_mcc": [
    0.8652291297912598,
    0.7260410785675049,
    0.7990725636482239,
    0.847205638885498,
    0.6394198536872864,
    0.8388018608093262,
    0.6656642556190491,
    0.8424128293991089,
    0.5416319966316223,
    0.0,
    0.7982255816459656,
    0.7959574460983276,
    0.5885919332504272,
    0.5708755254745483,
    0.8626093864440918,
    0.83674556016922,
    0.834912121295929,
    0.0,
    0.9097435474395752,
    0.782863438129425,
    0.8881193995475769,
    0.06962601840496063,
    0.03059620037674904,
    0.8534951210021973,
    0.8418062925338745,
    0.5418197512626648,
    0.8686226606369019,
    0.7696558833122253,
    0.8658749461174011,
    0.8718754053115845,
    0.8481349945068359,
    0.22132474184036255,
    0.7035369277000427,
    0.7704806327819824,
    0.7348184585571289,
    0.7579768300056458,
    0.5826975703239441,
    0.4835728108882904,
    0.4435412287712097,
    0.7335472702980042,
    0.8357298374176025,
    0.564781904220581,
    0.17480216920375824,
    0.8611837029457092,
    0.0,
    0.8287348747253418,
    0.3152100443840027,
    0.7899581789970398,
    0.6549732685089111,
    0.7842747569084167,
    0.6665502786636353,
    0.0,
    0.6355454921722412,
    0.8734675049781799,
    0.8892554044723511,
    0.0,
    0.8556294441223145,
    0.8362228870391846,
    0.8238915801048279,
    0.8230922818183899,
    0.8126842379570007,
    0.8056634664535522,
    0.8480987548828125,
    0.8354695439338684,
    0.6546015739440918,
    0.8760677576065063,
    0.6082114577293396,
    0.0,
    0.8881937265396118,
    0.8875072002410889,
    0.8126041293144226,
    0.8294464349746704,
    0.5652363896369934,
    0.7562942504882812,
    0.5255430340766907
  ],
  "subject_indices": [
    0,
    3,
    4,
    7,
    8,
    11,
    12,
    17,
    22,
    25,
    26,
    29,
    32,
    34,
    35,
    37,
    41,
    42,
    46,
    48,
    59,
    60,
    63,
    64,
    67,
    73,
    75,
    78,
    83,
    85,
    87,
    88,
    89,
    90,
    97,
    99,
    101,
    103,
    106,
    108,
    110,
    114,
    119,
    120,
    122,
    124,
    125,
    126,
    135,
    138,
    139,
    143,
    145,
    150,
    155,
    163,
    164,
    165,
    166,
    171,
    172,
    182,
    188,
    189,
    190,
    191,
    194,
    196,
    197,
    198,
    204,
    207,
    208,
    213,
    220
  ],
  "subject_ids": [
    "sub-M2182",
    "sub-M2156",
    "sub-M2045",
    "sub-M2001",
    "sub-M2048",
    "sub-M2292",
    "sub-M2037",
    "sub-M2072",
    "sub-M2181",
    "sub-M2201",
    "sub-M2044",
    "sub-M2077",
    "sub-M2184",
    "sub-M2088",
    "sub-M2101",
    "sub-M2198",
    "sub-M2102",
    "sub-M2119",
    "sub-M2040",
    "sub-M2078",
    "sub-M2165",
    "sub-M2215",
    "sub-M2026",
    "sub-M2087",
    "sub-M2110",
    "sub-M2020",
    "sub-M2030",
    "sub-M2291",
    "sub-M2168",
    "sub-M2254",
    "sub-M2014",
    "sub-M2022",
    "sub-M2031",
    "sub-M2137",
    "sub-M2059",
    "sub-M2011",
    "sub-M2106",
    "sub-M2126",
    "sub-M2220",
    "sub-M2240",
    "sub-M2295",
    "sub-M2152",
    "sub-M2104",
    "sub-M2135",
    "sub-M2147",
    "sub-M2211",
    "sub-M2236",
    "sub-M2107",
    "sub-M2121",
    "sub-M2266",
    "sub-M2285",
    "sub-M2144",
    "sub-M2207",
    "sub-M2232",
    "sub-M2071",
    "sub-M2164",
    "sub-M2176",
    "sub-M2199",
    "sub-M2306",
    "sub-M2123",
    "sub-M2268",
    "sub-M2197",
    "sub-M2278",
    "sub-M2086",
    "sub-M2159",
    "sub-M2173",
    "sub-M2124",
    "sub-M2150",
    "sub-M2271",
    "sub-M2097",
    "sub-M2283",
    "sub-M2178",
    "sub-M2183",
    "sub-M2069",
    "sub-M2237"
  ]
}
