{
  "outer_fold": 0,
  "restart": 0,
  "seed": 42,
  "test_dice": 0.667320345542478,
  "test_avd": 0.30491564337351057,
  "test_mcc": 0.6768353830851023,
  "final_train_loss": 0.06036927895872174,
  "checkpoint_path": "experiments/fold_0_restart_0/final.pt",
  "duration_seconds": 228876.77485919,
  "per_subject_dice": [
    0.8793526291847229,
    0.7366138100624084,
    0.770021378993988,
    0.8407375812530518,
    0.7352388501167297,
    0.8366041779518127,
    0.7503358721733093,
    0.8456243276596069,
    0.7285847663879395,
    1.879699285112224e-09,
    0.79967200756073,
    0.7957600951194763,
    0.5368627309799194,
    0.5699509978294373,
    0.8595542907714844,
    0.8286397457122803,
    0.8217215538024902,
    0.03687530383467674,
    0.9086114764213562,
    0.7856810092926025,
    0.8736093044281006,
    0.023462727665901184,
    0.22844889760017395,
    0.844369113445282,
    0.8400295972824097,
    0.4612356424331665,
    0.8684427738189697,
    0.7413585782051086,
    0.8496403694152832,
    0.8677774667739868,
    0.8338515758514404,
    0.3198219835758209,
    0.6745665073394775,
    0.7712137699127197,
    0.7316634654998779,
    0.7711894512176514,
    0.5441203713417053,
    0.501754879951477,
    0.5676894187927246,
    0.6850759983062744,
    0.824317991733551,
    0.512077271938324,
    0.0439823716878891,
    0.8319412469863892,
    0.0025523228105157614,
    0.8457173109054565,
    0.6313916444778442,
    0.7537303566932678,
    0.7680768370628357,
    0.7848597764968872,
    0.601311206817627,
    5.747126663457891e-10,
    0.7174261212348938,
    0.867249608039856,
    0.8766981959342957,
    1.9992002497914996e-10,
    0.8417602181434631,
    0.8078655004501343,
    0.8389018177986145,
    0.8183801174163818,
    0.8294172286987305,
    0.7973212003707886,
    0.8362019062042236,
    0.8584604859352112,
    0.7040391564369202,
    0.8560917973518372,
    0.6310009360313416,
    1.426533557946641e-09,
    0.8808685541152954,
    0.8905007243156433,
    0.8008328676223755,
    0.8375667929649353,
    0.45550447702407837,
    0.7579194903373718,
    0.47929587960243225
  ],
  "per_subject_avd": [
    0.07948932550353988,
    0.1623486718819715,
    0.09180694429999851,
    0.18157317162660688,
    0.398214355234301,
    0.08650637934665735,
    0.033779226618705034,
    0.12839551688541512,
    0.1821903052064632,
    1.0,
    0.16307729455139813,
    0.19136758757208022,
    0.3936988174858649,
    0.5515289369270762,
    0.2337827605734174,
    0.24317238131929284,
    0.1667137959068255,
    0.964321608040201,
    0.03188341089531136,
    0.0877718417786412,
    0.03947338977361727,
    0.9876236896103667,
    0.05553923009109609,
    0.19386176026312021,
    0.08818427139552815,
    0.19857217152853293,
    0.20288102561694335,
    0.6383048051564553,
    0.17085367540964164,
    0.1981968955370634,
    0.03856131385437594,
    0.5405629139072847,
    0.45428333016631,
    0.007733574862398105,
    0.3692096489507747,
    0.3378795719746924,
    0.585316740666625,
    0.46478574459058125,
    0.011145748814963488,
    0.7858198360038247,
    0.16006449132997352,
    0.5775151181968114,
    0.9308846400146372,
    0.31125383869769635,
    0.9987222080245336,
    0.0069120404692337885,
    0.45547275836794526,
    0.23603149038732277,
    0.1280994297049343,
    0.18084758850083155,
    0.3440203562340967,
    1.0,
    0.08893628860242975,
    0.0169885789463649,
    0.08286990859032342,
    0.9975951903807615,
    0.27147043281933037,
    0.29364222593742534,
    0.02293300171997513,
    0.29095760810237126,
    0.08513625070288852,
    0.40664127735904076,
    0.0002514668901927913,
    0.07510792235627962,
    0.05687288286682118,
    0.1972058345333767,
    0.29368005552181836,
    1.0,
    0.12895573249451162,
    0.1267934053354102,
    0.12069150361833289,
    0.08985491709548313,
    0.3539336929351401,
    0.18389513108614233,
    0.6140243153628884
  ],
  "per_subject_mcc": [
    0.8789085149765015,
    0.7390320301055908,
    0.7673702836036682,
    0.842160701751709,
    0.7582969069480896,
    0.8364112973213196,
    0.7499254941940308,
    0.8458569049835205,
    0.7316760420799255,
    0.0,
    0.8005899786949158,
    0.7997646927833557,
    0.542375922203064,
    0.6156023740768433,
    0.8629245162010193,
    0.8315214514732361,
    0.8246110081672668,
    0.10107838362455368,
    0.9077486991882324,
    0.7860603928565979,
    0.8716848492622375,
    0.1061750203371048,
    0.2282107025384903,
    0.8455551862716675,
    0.8403621315956116,
    0.46225255727767944,
    0.8707519769668579,
    0.7624537348747253,
    0.8513311743736267,
    0.869027853012085,
    0.8334828019142151,
    0.3435112237930298,
    0.7043326497077942,
    0.7684571146965027,
    0.7393715977668762,
    0.7784913778305054,
    0.5966190099716187,
    0.5260011553764343,
    0.5664949417114258,
    0.713368833065033,
    0.8255553841590881,
    0.5602802634239197,
    0.08915010839700699,
    0.8372547626495361,
    0.035742051899433136,
    0.8444423079490662,
    0.6605542302131653,
    0.7594892978668213,
    0.7694709300994873,
    0.7866536974906921,
    0.6142990589141846,
    0.0,
    0.7178590297698975,
    0.8668607473373413,
    0.8762760758399963,
    -1.4587663827114739e-05,
    0.8468083739280701,
    0.8132918477058411,
    0.8377448320388794,
    0.8241168856620789,
    0.827788233757019,
    0.8075073957443237,
    0.8353824019432068,
    0.8581555485725403,
    0.7039017677307129,
    0.8587875366210938,
    0.6397502422332764,
    0.0,
    0.8813582062721252,
    0.890634298324585,
    0.8020802140235901,
    0.8377798795700073,
    0.4596140384674072,
    0.7603336572647095,
    0.5338935256004333
  ],
  "subject_indices": [
    0,
    3,
    4,
    7,
    8,
    11,
    12,
    17,
    22,
    25,
    26,
    29,
    32,
    34,
    35,
    37,
    41,
    42,
    46,
    48,
    59,
    60,
    63,
    64,
    67,
    73,
    75,
    78,
    83,
    85,
    87,
    88,
    89,
    90,
    97,
    99,
    101,
    103,
    106,
    108,
    110,
    114,
    119,
    120,
    122,
    124,
    125,
    126,
    135,
    138,
    139,
    143,
    145,
    150,
    155,
    163,
    164,
    165,
    166,
    171,
    172,
    182,
    188,
    189,
    190,
    191,
    194,
    196,
    197,
    198,
    204,
    207,
    208,
    213,
    220
  ],
  "subject_ids": [
    "sub-M2182",
    "sub-M2156",
    "sub-M2045",
    "sub-M2001",
    "sub-M2048",
    "sub-M2292",
    "sub-M2037",
    "sub-M2072",
    "sub-M2181",
    "sub-M2201",
    "sub-M2044",
    "sub-M2077",
    "sub-M2184",
    "sub-M2088",
    "sub-M2101",
    "sub-M2198",
    "sub-M2102",
    "sub-M2119",
    "sub-M2040",
    "sub-M2078",
    "sub-M2165",
    "sub-M2215",
    "sub-M2026",
    "sub-M2087",
    "sub-M2110",
    "sub-M2020",
    "sub-M2030",
    "sub-M2291",
    "sub-M2168",
    "sub-M2254",
    "sub-M2014",
    "sub-M2022",
    "sub-M2031",
    "sub-M2137",
    "sub-M2059",
    "sub-M2011",
    "sub-M2106",
    "sub-M2126",
    "sub-M2220",
    "sub-M2240",
    "sub-M2295",
    "sub-M2152",
    "sub-M2104",
    "sub-M2135",
    "sub-M2147",
    "sub-M2211",
    "sub-M2236",
    "sub-M2107",
    "sub-M2121",
    "sub-M2266",
    "sub-M2285",
    "sub-M2144",
    "sub-M2207",
    "sub-M2232",
    "sub-M2071",
    "sub-M2164",
    "sub-M2176",
    "sub-M2199",
    "sub-M2306",
    "sub-M2123",
    "sub-M2268",
    "sub-M2197",
    "sub-M2278",
    "sub-M2086",
    "sub-M2159",
    "sub-M2173",
    "sub-M2124",
    "sub-M2150",
    "sub-M2271",
    "sub-M2097",
    "sub-M2283",
    "sub-M2178",
    "sub-M2183",
    "sub-M2069",
    "sub-M2237"
  ]
}
