{
  "outer_fold": 0,
  "restart": 2,
  "seed": 44,
  "test_dice": 0.6662987251747302,
  "test_avd": 0.30704843016663913,
  "test_mcc": 0.6757537384391374,
  "final_train_loss": 0.060471714902165775,
  "checkpoint_path": "experiments/fold_0_restart_2/final.pt",
  "duration_seconds": 249013.36305212975,
  "per_subject_dice": [
    0.8641666173934937,
    0.708694577217102,
    0.7798798084259033,
    0.8216409683227539,
    0.6303880214691162,
    0.8435602188110352,
    0.7390764355659485,
    0.823576033115387,
    0.6594036221504211,
    1.879699285112224e-09,
    0.8037627339363098,
    0.806878924369812,
    0.5364620089530945,
    0.6090701222419739,
    0.862503170967102,
    0.8286571502685547,
    0.8450678586959839,
    0.1305130571126938,
    0.9082343578338623,
    0.7898087501525879,
    0.87627774477005,
    0.001985199050977826,
    0.0029458419885486364,
    0.8482785224914551,
    0.8553962111473083,
    0.4953005909919739,
    0.8711528778076172,
    0.7542194128036499,
    0.8632045388221741,
    0.8780835270881653,
    0.8395830988883972,
    0.35039904713630676,
    0.7108316421508789,
    0.7754101753234863,
    0.716575562953949,
    0.7539697289466858,
    0.5781023502349854,
    0.6889108419418335,
    0.5320570468902588,
    0.7131555080413818,
    0.8311230540275574,
    0.5686142444610596,
    0.1363958716392517,
    0.8374310731887817,
    0.1008974015712738,
    0.8162871599197388,
    0.6260701417922974,
    0.7805562615394592,
    0.7518331408500671,
    0.805189847946167,
    0.5677595138549805,
    5.747126663457891e-10,
    0.6562378406524658,
    0.8588612675666809,
    0.8891044855117798,
    1.695777546162347e-10,
    0.8379886150360107,
    0.8168158531188965,
    0.8129034042358398,
    0.7967117428779602,
    0.7972963452339172,
    0.7599672079086304,
    0.8264179229736328,
    0.8491557240486145,
    0.6317561864852905,
    0.8521705269813538,
    0.6429941058158875,
    1.426533557946641e-09,
    0.876137912273407,
    0.8948519825935364,
    0.7983329892158508,
    0.8295480608940125,
    0.476756751537323,
    0.7458091974258423,
    0.40324464440345764
  ],
  "per_subject_avd": [
    0.08180121837440316,
    0.1782622921562212,
    0.017026460843597248,
    0.13242740208537634,
    0.49739809756160863,
    0.09552946914524514,
    0.036252248201438846,
    0.27060905471169444,
    0.2949611011370437,
    1.0,
    0.13244922408269022,
    0.08823909114381616,
    0.6519172073319212,
    0.4987173347927213,
    0.21361898156690823,
    0.21014190317195325,
    0.060885087130182744,
    0.8834170854271357,
    0.0036348233246898953,
    0.003750472181749501,
    0.07459814269197777,
    0.9989593316204441,
    0.7032030561269468,
    0.1831955986492916,
    0.03633384734001542,
    0.12279955242462925,
    0.17887247880908216,
    0.5598888062969035,
    0.15954776352459826,
    0.1468149251357389,
    0.12221810450759718,
    0.5957717778909832,
    0.399829806921736,
    0.08254123080291825,
    0.35158527815911617,
    0.33600988264360715,
    0.5409167656806954,
    0.016673737802291047,
    0.016505103130204552,
    0.5599339379364298,
    0.19880199880413427,
    0.03710830126443101,
    0.5163754459793248,
    0.2162262544275245,
    0.9463327370304114,
    0.062375532394284304,
    0.3590276081114097,
    0.1146763675680546,
    0.22889288370939748,
    0.11269006889997624,
    0.352078032230704,
    1.0,
    0.212603171659093,
    0.10502030621389212,
    0.013772937816825393,
    0.8182364729458917,
    0.2677523178171687,
    0.15793647002627179,
    0.005684800426360032,
    0.33566620171023104,
    0.07474745863426267,
    0.5316998170909508,
    0.08742665549036044,
    0.09713515199694094,
    0.6206988768051346,
    0.16209875969712453,
    0.2806454411381973,
    1.0,
    0.14166257085749862,
    0.08482607838905519,
    0.09019029750737068,
    0.17760148656375072,
    0.9206683331140639,
    0.45767790262172287,
    0.7030578410905072
  ],
  "per_subject_mcc": [
    0.8636080026626587,
    0.7115945219993591,
    0.776350736618042,
    0.8215485215187073,
    0.6670975089073181,
    0.8435626029968262,
    0.7386294603347778,
    0.8279750347137451,
    0.668826699256897,
    0.0,
    0.8039895296096802,
    0.8072322010993958,
    0.5514658093452454,
    0.6449610590934753,
    0.8651987314224243,
    0.8303970098495483,
    0.8449794054031372,
    0.21337513625621796,
    0.9072684645652771,
    0.7893456220626831,
    0.8747798204421997,
    0.030630117282271385,
    0.0032859384082257748,
    0.8492071032524109,
    0.8549851775169373,
    0.49410733580589294,
    0.8727331161499023,
    0.7714030146598816,
    0.8647069334983826,
    0.8780274391174316,
    0.8404669761657715,
    0.3862697184085846,
    0.7327589392662048,
    0.7735400199890137,
    0.7232985496520996,
    0.7609391212463379,
    0.6213885545730591,
    0.6884931325912476,
    0.5307542681694031,
    0.7302062511444092,
    0.8335447311401367,
    0.5686133503913879,
    0.14472633600234985,
    0.8391706943511963,
    0.22942981123924255,
    0.8152467608451843,
    0.6413472890853882,
    0.7809205651283264,
    0.7577934265136719,
    0.8055192232131958,
    0.5807199478149414,
    0.0,
    0.6605480909347534,
    0.8594738841056824,
    0.8881428241729736,
    -0.00012682659144047648,
    0.8428353071212769,
    0.8178040981292725,
    0.8115193843841553,
    0.8040039539337158,
    0.7949590086936951,
    0.7755781412124634,
    0.8262455463409424,
    0.8491377830505371,
    0.6496937274932861,
    0.853780210018158,
    0.6509418487548828,
    0.0,
    0.8768833875656128,
    0.8942036032676697,
    0.7986113429069519,
    0.831721842288971,
    0.5011841058731079,
    0.7587814331054688,
    0.4791879653930664
  ],
  "subject_indices": [
    0,
    3,
    4,
    7,
    8,
    11,
    12,
    17,
    22,
    25,
    26,
    29,
    32,
    34,
    35,
    37,
    41,
    42,
    46,
    48,
    59,
    60,
    63,
    64,
    67,
    73,
    75,
    78,
    83,
    85,
    87,
    88,
    89,
    90,
    97,
    99,
    101,
    103,
    106,
    108,
    110,
    114,
    119,
    120,
    122,
    124,
    125,
    126,
    135,
    138,
    139,
    143,
    145,
    150,
    155,
    163,
    164,
    165,
    166,
    171,
    172,
    182,
    188,
    189,
    190,
    191,
    194,
    196,
    197,
    198,
    204,
    207,
    208,
    213,
    220
  ],
  "subject_ids": [
    "sub-M2182",
    "sub-M2156",
    "sub-M2045",
    "sub-M2001",
    "sub-M2048",
    "sub-M2292",
    "sub-M2037",
    "sub-M2072",
    "sub-M2181",
    "sub-M2201",
    "sub-M2044",
    "sub-M2077",
    "sub-M2184",
    "sub-M2088",
    "sub-M2101",
    "sub-M2198",
    "sub-M2102",
    "sub-M2119",
    "sub-M2040",
    "sub-M2078",
    "sub-M2165",
    "sub-M2215",
    "sub-M2026",
    "sub-M2087",
    "sub-M2110",
    "sub-M2020",
    "sub-M2030",
    "sub-M2291",
    "sub-M2168",
    "sub-M2254",
    "sub-M2014",
    "sub-M2022",
    "sub-M2031",
    "sub-M2137",
    "sub-M2059",
    "sub-M2011",
    "sub-M2106",
    "sub-M2126",
    "sub-M2220",
    "sub-M2240",
    "sub-M2295",
    "sub-M2152",
    "sub-M2104",
    "sub-M2135",
    "sub-M2147",
    "sub-M2211",
    "sub-M2236",
    "sub-M2107",
    "sub-M2121",
    "sub-M2266",
    "sub-M2285",
    "sub-M2144",
    "sub-M2207",
    "sub-M2232",
    "sub-M2071",
    "sub-M2164",
    "sub-M2176",
    "sub-M2199",
    "sub-M2306",
    "sub-M2123",
    "sub-M2268",
    "sub-M2197",
    "sub-M2278",
    "sub-M2086",
    "sub-M2159",
    "sub-M2173",
    "sub-M2124",
    "sub-M2150",
    "sub-M2271",
    "sub-M2097",
    "sub-M2283",
    "sub-M2178",
    "sub-M2183",
    "sub-M2069",
    "sub-M2237"
  ]
}
